"Rank","Song Title","Artist","Views (Billions)","Year","Video Link"
"1","Despacito","Luis Fonsi, Daddy Yankee","8.82","2017","https://www.youtube.com/results?search_query=Luis+Fonsi+-+Despacito+ft.+Daddy+Yankee"
"2","See You Again","Wiz Khalifa, Charlie Puth","6.80","2015","https://www.youtube.com/results?search_query=Wiz+Khalifa+-+See+You+Again+ft.+Charlie+Puth"
"3","Shape of You","Ed Sheeran","6.57","2017","https://www.youtube.com/results?search_query=Ed+Sheeran+-+Shape+of+You"
"4","Masha and the Bear: Recipe for Disaster","Get Movies","6.20","2012","https://www.youtube.com/results?search_query=Get+Movies+-+Masha+and+the+Bear+Recipe+for+Disaster"
"5","Uptown Funk","Mark Ronson, Bruno Mars","4.99","2014","https://www.youtube.com/results?search_query=Mark+Ronson+-+Uptown+Funk+ft.+Bruno+Mars"
"6","Gangnam Style","PSY","4.95","2012","https://www.youtube.com/results?search_query=PSY+-+Gangnam+Style"
"7","Sorry","Justin Bieber","4.90","2015","https://www.youtube.com/results?search_query=Justin+Bieber+-+Sorry"
"8","Sugar","Maroon 5","4.85","2015","https://www.youtube.com/results?search_query=Maroon+5+-+Sugar"
"9","Shake It Off","Taylor Swift","4.80","2014","https://www.youtube.com/results?search_query=Taylor+Swift+-+Shake+It+Off"
"10","Roar","Katy Perry","4.75","2013","https://www.youtube.com/results?search_query=Katy+Perry+-+Roar"
"11","Thinking Out Loud","Ed Sheeran","4.70","2014","https://www.youtube.com/results?search_query=Ed+Sheeran+-+Thinking+Out+Loud"
"12","Dark Horse","Katy Perry, Juicy J","4.65","2013","https://www.youtube.com/results?search_query=Katy+Perry+-+Dark+Horse+ft.+Juicy+J"
"13","Counting Stars","OneRepublic","4.60","2013","https://www.youtube.com/results?search_query=OneRepublic+-+Counting+Stars"
"14","Let Her Go","Passenger","4.55","2012","https://www.youtube.com/results?search_query=Passenger+-+Let+Her+Go"
"15","All of Me","John Legend","4.50","2013","https://www.youtube.com/results?search_query=John+Legend+-+All+of+Me"
